0;1;2;3;4;5;6;7;8
0.47132927164740523;0.724978602168422;0.8068238724866509;0.47657345835500664;0.6894170905093493;0.7748854044506219;0.5942294432326245;0.6892067953255652;0.8359859723168312
0.5357635467980295;0.6711001642036125;0.7432389162561577;0.5112315270935961;0.6564532019704434;0.6629967159277503;0.5389942528735633;0.6908579638752053;0.7007553366174054
0.491043061618963;0.7110188116753582;0.7464028631077967;0.49188921546511677;0.663353241950965;0.6948967348274749;0.44126777776303394;0.7560347659930202;0.6773262098432877
0.5134908293460925;0.7370967190704032;0.7718925153793574;0.499127363864206;0.7271901344269766;0.6905397015265436;0.5497462406015038;0.654474253816359;0.7480308726361359
0.5959175470731363;0.7809688862489075;0.8145947532161684;0.5655095879702504;0.7417676472505083;0.780951852444332;0.5812120861835095;0.8613377216012569;0.793535601156103
0.49743417366946774;0.6460994397759103;0.7324089635854343;0.4936358543417366;0.6467198879551821;0.6730420168067226;0.4027478991596639;0.687267507002801;0.708967787114846
0.5387482887482888;0.7641247641247642;0.7746142746142746;0.5194897694897694;0.6980496355496356;0.7649757649757649;0.5397172272172273;0.7253726212059546;0.7106805231805232
0.518389219476176;0.6829126489452576;0.7637258212801692;0.4911330879265662;0.6528424202608984;0.7005481656025134;0.4995395184525619;0.724244170684388;0.7271299714777976
0.6392539682539683;0.6522510822510823;0.7935844155844156;0.50698556998557;0.6320880230880231;0.67391341991342;0.514090909090909;0.6564314574314575;0.6738802308802309
0.49714152514152515;0.7691854811854812;0.7977459207459208;0.49560306360306355;0.6081744921744923;0.716029304029304;0.47311355311355313;0.7848478188478188;0.7683886113886114
0.49345262242828164;0.7184980198976142;0.8368646769052448;0.4956041727035642;0.6676325702694872;0.6748198589780741;0.5954602530667439;0.8180469429150969;0.7952680382497826
0.6278103673031209;0.7836566725455615;0.8181114689568797;0.6017521662449199;0.7556143445032334;0.754619405464816;0.5740993149809575;0.7910171126958567;0.7238699102829538
0.49606275303643727;0.6672337092731829;0.7772243107769424;0.4829675149411991;0.6178747349142086;0.6680909003277425;0.5565052053209948;0.7523515519568151;0.7043353576248312
0.48869325205818137;0.6317780364203862;0.6888044793392777;0.4509357163523502;0.6426775866452739;0.6345558141981641;0.5217659426865515;0.6750731322935024;0.6961241254372814
0.576225639574536;0.7624604628849111;0.7860226981406948;0.567476685579402;0.7252334355263047;0.7504832344603143;0.5866455684791847;0.801094468475623;0.7336425129294399
0.5365867917115241;0.6624973358744304;0.7999867237103341;0.4829276613374568;0.6277546984891784;0.7773200175786912;0.4529261328285651;0.6602458301337942;0.7763686739799901
0.5860239297739298;0.8225691438191438;0.8841804954304954;0.570501443001443;0.7920358345358346;0.8221699134199134;0.5772246272246273;0.8072745310245311;0.8604485329485331
0.5453017399267399;0.6317498473748474;0.7673618742368742;0.49904807692307696;0.6118872100122099;0.6757936507936508;0.48627182539682545;0.6796813186813186;0.7223417277167277
0.5210560731538992;0.6605477915804002;0.7026589026915113;0.4768866459627329;0.6384063146997929;0.6604817115251898;0.4253455831608005;0.7053281573498966;0.6788360938578331
0.5445364597451884;0.7546186861841512;0.8046794729622053;0.49973489982503266;0.6284544345597476;0.7629738493637924;0.502701725851631;0.742770973492036;0.7504375621216229
0.5085803412274001;0.8203510949834479;0.8488139801375096;0.4771460402342755;0.7008868092691622;0.7725585688820983;0.5126979882862236;0.8336411382734912;0.8217150496562262
0.5171511188087276;0.6663571694006476;0.8400233582842279;0.4788623453840845;0.640600745872485;0.7927316916175612;0.6107484936561022;0.7041967603652386;0.7852434702978182
0.5288709995492449;0.6496627789046654;0.7731822700344506;0.49974743633085417;0.6020192416046879;0.6767571195144725;0.5981993745774171;0.6823133994977302;0.7300450956244566
0.5707330602491892;0.7531210724759112;0.7765044841657744;0.5575996136480008;0.7466042917655821;0.776097185371379;0.5569867259383388;0.7788748508612685;0.7463306257661098
0.630357142857143;0.6715503246753247;0.8394841269841271;0.4955853174603174;0.6514745670995671;0.6648313492063492;0.47394480519480514;0.7766729797979798;0.7088654401154402
0.5105463694920216;0.6127545015371102;0.6485350973503148;0.5354086883326014;0.6199344532279316;0.6170556653491436;0.4275609354413702;0.582901075977163;0.6190588493631972
0.5201190677227829;0.6965578250438932;0.7282672523554876;0.5127470279978019;0.664773511318403;0.6822996126680337;0.515913567340812;0.7144337045823114;0.7041127015399461
0.5167062761799603;0.6896218023462606;0.7665098059834902;0.5059370454107296;0.6578220231780605;0.6690239688072506;0.4379383877216694;0.7088089103878578;0.6830031475232714
0.5144215336320599;0.699414065466697;0.7457036530720742;0.49296220348851927;0.6321220981747298;0.6733159920002024;0.5253323966481861;0.7155341636920585;0.7311118705855548
0.537187101937753;0.7093133098522509;0.7247548969875964;0.5218501053642693;0.6766609893959377;0.6885894834537618;0.5211579668129025;0.7140572912450132;0.6808580262158735
0.4958600482913983;0.713780633300084;0.7556430792700815;0.4851321168025974;0.6382911228105737;0.6425559369438087;0.5270129654225764;0.7219747154701388;0.71323345672888
0.49256326462208816;0.7135004429122077;0.7734716536187125;0.4716943187531422;0.6872656755009696;0.7265208647561588;0.4880311953841365;0.720392216715746;0.7371923555747084
0.5511998391977355;0.7312826292454624;0.7166748609034724;0.5283112422873993;0.6269108883169191;0.6980925794635473;0.6241876146294099;0.7366580100591321;0.8228592620563167
0.5114761816706896;0.6655336958998286;0.7907944487921604;0.4814000195922393;0.6571223898569436;0.7032066662043779;0.5004333847354442;0.7166265796242912;0.7260892514553842
0.5318531468531469;0.6845537795537796;0.8142890442890444;0.5235714285714286;0.6807242757242757;0.733096903096903;0.6224159174159174;0.7410422910422911;0.8105561105561107
0.5927579365079365;0.6778214285714286;0.8138174603174603;0.5070714285714286;0.6575079365079366;0.6550277777777779;0.5053373015873015;0.7966587301587301;0.6705
0.5312422004231998;0.6475438344125138;0.6812295375039894;0.5134005298606317;0.6331848600535396;0.6709022304024888;0.485269723018302;0.6864787810141024;0.6275447167925207
0.6116624914038707;0.7792203720077284;0.8381598143236074;0.6011598634443462;0.7314765284736549;0.8039931476569407;0.5414686691554508;0.8507350918557814;0.772964927792514
0.49439129450638397;0.6968285030305491;0.8198617646443733;0.46173742663512474;0.6463815908445064;0.7118389595627448;0.45273497980659105;0.6634659959723899;0.7644611133869446
0.5361418497100656;0.7360153256704981;0.7864662906641917;0.5452539603214266;0.7119321291735086;0.7474405654315699;0.5262577044810928;0.7118813609068482;0.7206160808484647
0.5791239311589431;0.7666361051712494;0.839700728321859;0.48721611787689045;0.6865193930918421;0.8027005309415575;0.5134169593965432;0.8134059784469873;0.8324364173909989
0.5418061705647518;0.7747942484670174;0.7741905405807008;0.5197994244504541;0.7448785996612084;0.7055649994551596;0.5171454327518401;0.7805724043309856;0.6811169475071076
0.5695914443571864;0.7546482024555488;0.8096109263744196;0.5773240936003304;0.7263932416168798;0.7783005399009897;0.6055784277173583;0.747749709546936;0.7609062023729689
0.600146569305066;0.7573357220007546;0.837211683821161;0.5626956162086881;0.741071983514794;0.7814358502675496;0.5247243705168542;0.8698980047019262;0.7745820341817073
0.5098839983545866;0.6749421428244957;0.7976374214021272;0.5099974404680288;0.6611602515131928;0.7588566727390258;0.6194030936383877;0.6993090438972792;0.7883389682213211
0.4987787058439232;0.6491837932055324;0.7003927601753689;0.5046584867237041;0.6271713961931352;0.666393447915187;0.45222693429215166;0.6358382988817772;0.6494777625212409
0.5158128327611087;0.6943810518982934;0.7367875304771857;0.4890838433597054;0.672069139672588;0.6749301637060258;0.4656012091356919;0.6948122854157337;0.6411081504702194
0.5528326745718051;0.6976254377220561;0.7345225895950535;0.5420859155158673;0.6975977860035831;0.6859954502466581;0.5491380331960042;0.7367444865029407;0.7202689420080725
0.5258979446479446;0.6361416361416361;0.7383050976800977;0.47977843915343915;0.6230006105006105;0.6621375152625152;0.5544846357346358;0.6654863654863654;0.728895757020757
0.5321224937343358;0.7240029429634693;0.8001028233462444;0.5152660723779144;0.6380038543328018;0.7090310340244551;0.5381363826232247;0.8536903242955874;0.7204428400546822
0.5999323489466859;0.7800129612853627;0.842132528960486;0.5736155786334999;0.7069846156763719;0.7522785093573624;0.5537995822046001;0.7583372144634171;0.755184857726831
0.5441474636474637;0.7174053169053168;0.7882851315351316;0.4867130924630924;0.6372185037185036;0.7135236152736153;0.5308725441225441;0.6978508991008991;0.7325259462759462
0.538714507957929;0.7028001628001628;0.8024498880748879;0.5247554114988324;0.6676710606644817;0.7217149979649979;0.5191110789795002;0.6883044550478761;0.7544789055973266
0.49086347235772976;0.612955834338437;0.7031374648853925;0.4786538192657238;0.5840502577418587;0.6938165935565815;0.5445084697585447;0.6249536115869883;0.7334620685416651
0.529296218487395;0.6624509803921568;0.7170238095238096;0.48154761904761906;0.6426190476190476;0.6848809523809524;0.46471288515406173;0.7274509803921568;0.6763690476190476
0.5370718565455407;0.7095352213773266;0.8443011864064497;0.5187125881862723;0.6676475768581033;0.6998129991551044;0.6082602998392472;0.7866270409691463;0.7511203001992477
0.5922941207908529;0.7216109586371025;0.773517276719891;0.5651599090814776;0.697736766985133;0.746158818184962;0.559603504701544;0.7777571702081505;0.7867602102569422
0.5486719855560435;0.7607838129396101;0.7833065297558052;0.5583470575318401;0.7217604530466849;0.7161828429219733;0.5924483970136145;0.7771686237809426;0.7318388073279378
0.5551773975314019;0.665342686836708;0.8030192508640784;0.5187020030241666;0.6553378305818517;0.750631430351258;0.5154593006949792;0.8000456682422756;0.7954119276317553
0.4752947052947053;0.6603779553779554;0.7582625707625708;0.4910847485847486;0.6503563103563104;0.6630244755244755;0.44739926739926733;0.6006052281052281;0.6403130203130203
0.5368063186813187;0.6290233516483517;0.6586414835164836;0.506228021978022;0.6079331501831502;0.6162664835164835;0.4445265567765568;0.7018397435897435;0.6484995421245421
0.6119036519036519;0.7938150738150738;0.804166019166019;0.5637468704135371;0.7795480445480446;0.7344470344470344;0.572692739359406;0.7720102736769403;0.7803828887162221
0.540163763133712;0.6533152542967121;0.8049226508785331;0.5158938812679221;0.621589594335758;0.7297138400814871;0.5154379334078822;0.7215186529157118;0.721769863413086
0.5309057993284998;0.705824767240677;0.7561931830601907;0.5143652556691626;0.6538045652204749;0.7188194456864533;0.5106275077873101;0.7326577000132869;0.7472116221472425
0.5529080675422138;0.7189981089371333;0.8131268798951726;0.5373849727508264;0.6994907531492898;0.8012612049197415;0.4947902707049049;0.8152226838202448;0.7852452425623156
0.49186940374440374;0.6916460853960854;0.723833041958042;0.4873926998926998;0.6829015891515892;0.6976177063677064;0.49895054020054025;0.7487997650497651;0.6904023060273059
0.49043008969292295;0.6728842207511188;0.766631643744085;0.48211777665225686;0.6432528843455888;0.6314238662357983;0.4787456366247687;0.6808534886790031;0.6506776844863582
0.5313769026672253;0.6749308755760369;0.7503374179583856;0.5025565563468789;0.6386098310291859;0.6973828725038402;0.5860087627426337;0.7024471093422706;0.7003454475631895
0.5864156268568033;0.7515787779758368;0.7508125371360665;0.5538611606258664;0.7195080709051297;0.7356610219845514;0.5283016438898792;0.7112425727866905;0.7283974549415726
0.5334548382374469;0.6813166081100864;0.865748609281218;0.5235474308300396;0.6619607304933391;0.6776720099546186;0.5824445542380324;0.6913962084614258;0.7890182623334797
0.580587793451274;0.8525130514664695;0.8487328474442812;0.5492169973678342;0.68595367729669;0.8440123243400114;0.5085352482952806;0.83239385180704;0.8767175495144843
0.5575643416738187;0.7216823738474064;0.8013120034770361;0.5186824673752778;0.666882055852644;0.7237282960322174;0.5402008923659251;0.7276948405624876;0.7386048667502916
0.5325608184918531;0.601074144246558;0.7275526083112289;0.5105329038777314;0.6086822028546165;0.6583035240621448;0.6313836049008462;0.6537458633320702;0.7375553871415941
0.6270479118305206;0.7606727209988079;0.832251605077692;0.5870979463370768;0.751374249743815;0.7445772424033295;0.5564102765189722;0.7813556411382498;0.7478694815651337
0.5385537587567123;0.6525518832843311;0.7724918983884416;0.5233728947399438;0.6249782507457617;0.7167155008729137;0.6161808129444464;0.6367715087761289;0.7562070574696594
0.5060425685425686;0.6623602092352092;0.7418199855699855;0.5029852092352092;0.6773899711399711;0.6825622294372294;0.43337391774891776;0.6870670995670997;0.6615936147186147
0.5466864411308855;0.7190502912725134;0.7929105873550318;0.5120009620009621;0.6874432152209929;0.7385842552509219;0.5305381860937417;0.7490941157607824;0.7146384479717813
0.4959357027916866;0.7279256015564333;0.7847284718887153;0.4801948175781847;0.6727325187771435;0.6912153183755618;0.4982177502461478;0.6869492238660596;0.6948693834900731
0.49013246013246015;0.7988171088171087;0.7924732674732675;0.49747067747067747;0.7488171088171087;0.7305834905834906;0.5381971731971732;0.7465136715136714;0.7300551300551301
0.5310015711045459;0.708810964440255;0.7566921573214479;0.5183788234817983;0.6672809252786369;0.6998374428351546;0.585952721318854;0.8135741642034547;0.7571230710132313
0.5659456302593557;0.7744097587234843;0.8015521225325146;0.574195296352159;0.749009527146782;0.7828225949794577;0.5539582349386271;0.7992024823397372;0.8134372889274849
0.4777349843139317;0.7361903885588096;0.754654891891734;0.47782739190633927;0.6586994584363005;0.6681758154126576;0.4300433338591233;0.7058123601544655;0.7037566234934656
0.5250234962406015;0.6361764465511606;0.7931580309469325;0.46906852729650217;0.6175679688351313;0.6857447286694999;0.503488340416258;0.664171093494606;0.7251317151574588
0.5363262877227593;0.7233343235097129;0.7401952724080132;0.5278987981335364;0.6506884943505598;0.7037654012039486;0.546064359842318;0.7160521716417485;0.7282904261408727
0.5219948194331496;0.6958074227761135;0.7735331284429956;0.47362649912460153;0.6440328681789783;0.6583538667741704;0.5058551005182883;0.680864435655707;0.6930966224372297
0.5846558388828921;0.7385473133057674;0.8075010961484392;0.5762592435297749;0.7072060208533639;0.7858205088881418;0.5551107060768897;0.8045481312389525;0.7149163191433723
0.520273812209296;0.5902234861912281;0.6969781293974843;0.5174425037328263;0.5769131943325492;0.621061411706573;0.4789946612527258;0.6349749712652939;0.6626805989709216
0.5018313335168065;0.6593680090750867;0.7887001220483938;0.5058250684029899;0.6226434094162091;0.6612756525040746;0.5950297345005989;0.650557938736773;0.6297294984565804
0.539702890978753;0.682574364332985;0.7230175896900036;0.5077192615813305;0.6742422500870777;0.6898105189829329;0.5068545802856148;0.7060928156336506;0.7786072796934865
0.5723938300025256;0.7995189190841364;0.8318033415859503;0.5582710767493375;0.7449821917213222;0.7796418155113808;0.5545308958352436;0.7929458625110799;0.7361019415367243
0.5061978834092777;0.7078251541894721;0.7574793314298562;0.49564177285316713;0.6732675953065759;0.7014249452030562;0.4643106518668737;0.7296389351111989;0.6893458948181587
0.5212217040776552;0.6624132961340972;0.794215248661856;0.4903562449168678;0.6208836287924164;0.7033819153285228;0.6061973504187075;0.7533198805890686;0.8020582785154533
0.5157023157366407;0.7390773045921788;0.8358619044316985;0.5424869155761604;0.6198406259390241;0.7771304413867341;0.5164637053767488;0.754918042801338;0.743594229315053
0.5232043520086997;0.6704120919338311;0.7720049877658572;0.512256362799841;0.6637959303176695;0.6626106823932911;0.5389691427734906;0.7214141414141414;0.7199747474747475
0.544857666842961;0.6891892706966236;0.7196659808056868;0.5118994676347618;0.6692451693186987;0.6404777044850574;0.4800970067514185;0.6622355463164287;0.6702863734849028
0.4962062937062937;0.691918579608797;0.780292705482923;0.5006842251950948;0.6588261376304854;0.6755384742069525;0.5336568865916692;0.6888289880409445;0.6425143787372048
0.5309064856711916;0.6488019105077928;0.6762659627953745;0.5309919557566617;0.6652918911154206;0.6526875673346262;0.5420571715865833;0.689987502693385;0.7035423400129284
0.4750457033388068;0.6097435686918445;0.7720886699507389;0.46765681444991786;0.6187394636015325;0.7222474001094691;0.5357646414887794;0.6453784893267651;0.7365845648604269
0.510509324009324;0.6861206293706295;0.7681097513597515;0.5112319347319347;0.6328960761460762;0.6821938616938616;0.48445512820512826;0.6933725718725718;0.687602564102564
0.5075898558657179;0.715685093960956;0.7468887976646597;0.49735677796022626;0.6730925013683635;0.7042962050720671;0.5702864440795474;0.6612737182995805;0.8166548075168765
0.5339401570753541;0.7541944691647047;0.8002344119087217;0.5142623652523114;0.6379579283442058;0.7587930410908628;0.47427538161994465;0.7600935242420382;0.8141564831072283
0.5024250317237695;0.6546760836171777;0.756841982234689;0.49785129900487546;0.6044610298537367;0.6407705536632606;0.4803666599879784;0.7428897014626327;0.7295570359981299
0.5445776318190112;0.7721443307650204;0.8477975664182561;0.5257920368265196;0.7064081512357374;0.8025187711394608;0.48729386832835103;0.7730372054509985;0.7973163235232201
0.5710408583971803;0.7211476691361749;0.8102204524618318;0.5787499439798292;0.7235103022459345;0.7785064236213661;0.5452001466369283;0.7746056950079938;0.7198468988698874
0.5023209418720255;0.7047706306994233;0.8381562598048665;0.4843162897187665;0.7182276801858845;0.7129295082855455;0.6084079479745115;0.7607761453659286;0.8110768342424688
0.6104964114832536;0.6702527773194743;0.8255884617499862;0.5115380781499204;0.6247427198482098;0.6809940947588407;0.4847565377000495;0.7774896194247375;0.653477148985316
0.552427577482606;0.698903496882624;0.7411545134182707;0.47992527333514057;0.6612497515135085;0.685630703894461;0.5914616427216047;0.7233219481340923;0.7940384024577574
0.5421833448355187;0.6963456511282599;0.7432681473116255;0.538297404688709;0.6514631930066713;0.6860315578141665;0.5255491038751907;0.6810030428508689;0.7224090804525587
0.4856969833285623;0.6704746520535995;0.7107303125724178;0.49631054131054136;0.6467532272795431;0.6685935604356656;0.5054933273354326;0.660634346160662;0.6881822271295955
0.510085877085877;0.6513530728530728;0.7204139194139193;0.502001221001221;0.6461864061864062;0.6849936914936915;0.5695144485144485;0.711943833943834;0.6607057387057387
0.5294877252731659;0.699038091183685;0.7421891787792172;0.5218755701514323;0.6723739507264412;0.7326552332299459;0.523422327636887;0.730112806166446;0.7351855750323183
0.5815224464064305;0.7647155484827622;0.800808868201813;0.5803239315548313;0.7138462175719297;0.7239310135461806;0.5576044256246105;0.8026336231627685;0.7728581670762391
0.5560178434701554;0.6870297660660188;0.7896340590565598;0.5052825374632026;0.6690180979012997;0.7134135623689204;0.5571610953379653;0.7612318866426027;0.7534111369505357
0.5057801034416279;0.6339667371346137;0.7144238979411394;0.5095115141966321;0.6236469722050485;0.6646044055762749;0.4405910897934492;0.6868358163312791;0.6625762582849697
0.4924128850361787;0.69017415895227;0.7426516503652935;0.4742290801132433;0.6886224348143388;0.7233670069727042;0.5010096184155206;0.6977669936961345;0.7256596346772312
0.5929971533772702;0.791541283061751;0.8300720938147839;0.5585993603537462;0.7389251748900871;0.7666163163239186;0.5640433856808126;0.7677090453406243;0.7685893324782214
0.5221658357851149;0.716516903672224;0.8082669036722241;0.4786780402092187;0.6435704751007953;0.6592524109186009;0.5290299662198976;0.7272361065707746;0.7512112209872507
0.5455997302204733;0.6605668079197491;0.7559332878450526;0.523423519205253;0.6258905528023175;0.6909613589025353;0.5312910764845749;0.6581453949101007;0.6607821149152417
0.5166884454360735;0.6535729945786872;0.732670277224357;0.49703784514031196;0.6149034920382168;0.6682509689340809;0.5120128343088495;0.6703087045781543;0.6571298846630915
0.5363995276968628;0.8081527632930158;0.8507633869169634;0.5067280920471664;0.7287154413556938;0.8213260649796414;0.44252109780510895;0.8338111306905136;0.8313429572090161
0.6151383937413349;0.7475661021984551;0.7683679936621113;0.5808432362844127;0.7136160625866508;0.7014740542681719;0.5373333828480888;0.8129322638146168;0.7350264903941376
0.5549588477366254;0.730164609053498;0.7964814814814816;0.5200205761316873;0.6886831275720164;0.7105144032921811;0.5555349794238683;0.7617078189300411;0.751440329218107
0.5106262626262627;0.740504662004662;0.8203282828282829;0.4831565656565656;0.6855656565656566;0.6984949494949495;0.48151515151515156;0.6927315462315462;0.7814794094794095
0.595807557981471;0.643835299161386;0.7315469393730263;0.5151083558148776;0.6215329276198841;0.6564980550850117;0.49925235794801015;0.6801679580483928;0.6892391565761131
0.5116523417364932;0.7056274798911544;0.7570252094796274;0.490794883782261;0.62077774181561;0.6787994030280146;0.48323203989403146;0.6800667697582143;0.7320818498939116
0.5113731111173567;0.6760273507396269;0.85102067582886;0.5054489521561132;0.6535234160553853;0.6745379088090085;0.49180625427428504;0.8032318278481961;0.7818901473632931
0.5484156951068716;0.6934349720533931;0.7276677245427245;0.5404659840321605;0.6730014703698914;0.702483164983165;0.4995136178959709;0.65299454129756;0.6434560756929179
0.4787954082954083;0.6475380915380915;0.7965495615495615;0.4870606615606616;0.6456465571465572;0.707499703999704;0.4951850371850372;0.7512502127502128;0.668007474007474
0.5720607635812314;0.8176646555269743;0.8025716755534961;0.5771956470373709;0.753435987433572;0.7452934063187052;0.5751590998063156;0.8089455128452077;0.8159820405084833
0.5290488758553276;0.6645752688172043;0.7986935483870968;0.5359736070381232;0.6612043010752688;0.6891935483870968;0.6231808406647117;0.6933284457478006;0.7926510263929619
0.48467937960844143;0.6401937452326468;0.6930959766566175;0.485271972201034;0.6218086278498178;0.6350124586829393;0.49757148910924653;0.7067916167229668;0.6598776651774363
0.5670978940544158;0.7573046545510314;0.8271459941025159;0.5709587245819129;0.7156821493053376;0.7632851635750186;0.5479123184920286;0.8042054081184516;0.7992911168273487
0.5375470167136833;0.7175249112749112;0.8362616404283072;0.5175103133436466;0.69185928352595;0.785140064306731;0.4904294445961113;0.7503977462310796;0.7874160144993478
0.5286254208754209;0.7295502044252045;0.7459421596921597;0.5361872895622896;0.7064884559884559;0.735809583934584;0.4937356301106301;0.7731343795093796;0.762825036075036
0.5544776683889587;0.6718239421868455;0.8189355149032569;0.5114613880742912;0.6227083624261043;0.6650844078263434;0.6129029348787414;0.7827998688885786;0.7720705519092614
0.5396446585251139;0.774580700766659;0.7261177258330959;0.5168019730638326;0.7735428497288079;0.7049539749729503;0.5049385676520401;0.7077380662769658;0.7082049196849955
0.5984628717387338;0.7708652618135378;0.8461959496442255;0.6065270935960592;0.7326423097974822;0.7988368910782705;0.5720443349753696;0.7716543513957307;0.7774128808611568
0.5445835254390654;0.7927137195603768;0.851192982749785;0.5303882370619163;0.7174298078458902;0.7613885632352206;0.5129411431187962;0.7866240532439691;0.7269703203200164
0.5023888888888889;0.6390723622782446;0.7745499533146593;0.4733725490196079;0.6140690943043884;0.7113146591970121;0.5280985060690944;0.6608585434173669;0.6996111111111111
0.5150780423280423;0.6364406796906796;0.7364269434269434;0.4816478428978429;0.6162176434676434;0.6473934676434676;0.504777676027676;0.6802603785103785;0.7284838217338218
0.5151902238489675;0.6943610027650775;0.8210679686910588;0.48482785842717935;0.6368886364217433;0.7594948078394597;0.4753351628563853;0.7788107132759085;0.77405212061409
0.4793340513611956;0.7820177001383108;0.7993430472050373;0.4786797604273734;0.626968905328607;0.7508824560720323;0.4481535761510906;0.7870885917260099;0.7423032835940199
0.507670426065163;0.6611078833447255;0.8186870585554796;0.48771280473912054;0.6104662793347003;0.685007404875826;0.4939030530872636;0.6811941216678059;0.7724010025062658
0.585662591984431;0.7672763485981877;0.8290184272942893;0.5455573800401387;0.7458036854588579;0.746611019886882;0.57985312899106;0.7722982424131849;0.7611962537249894
0.538209111794638;0.7153425704412546;0.7901757233994077;0.5129232171337434;0.6773564593301435;0.732410761752867;0.5177483006759322;0.7613218652692336;0.7296833466241361
0.5667330602491892;0.6783050008533881;0.7074355692097628;0.54417106161461;0.6496145246629118;0.6848165215907152;0.5262880611025772;0.6985901604369347;0.6836667093360641
0.496760323010323;0.6580094905094904;0.8365719003219002;0.4819714544714545;0.6338488363488363;0.6831284918784919;0.600784632034632;0.6875339475339476;0.7831648906648907
0.5059003496503497;0.7247323947981843;0.7315651453809349;0.46515458225984546;0.658732057416268;0.7129324622745676;0.5004184602582772;0.6971991300080546;0.7115305604006977
0.5378938191438192;0.7245953583453584;0.8194564694564695;0.5004001322751324;0.7018428330928331;0.6838699494949494;0.4991402116402116;0.7856538600288602;0.7634406565656566
0.6026886316580179;0.747076398535145;0.7653692113925707;0.6066527114460809;0.7077593831879995;0.7467820936119046;0.5594910410405889;0.7628614298742943;0.7066589583226426
0.4991726259221722;0.6294901045717742;0.6931346783887619;0.46803603837179153;0.6165098090052717;0.6545025259072447;0.44205574280528914;0.6999320087051484;0.7070060496067756
0.48765401644528783;0.6469192275150529;0.7222882771877079;0.4911683383030631;0.6072872585984541;0.660727223440696;0.4886275577679752;0.6765823866203374;0.6912790441689872
0.6160244888315063;0.790326686525517;0.840837995662557;0.5776343918156783;0.764488029838907;0.8020960791428627;0.5120595399835167;0.7936718901631182;0.7994904489056536
0.5193870018870019;0.709013579013579;0.8278699078699079;0.5089541014541015;0.6656344581344581;0.7101307026307027;0.6024703999704;0.6993779368779369;0.8145669145669145
0.6219973407950912;0.6946857552385991;0.7198218829054992;0.51006324701677;0.645400799602837;0.675207700398702;0.6141620690273066;0.7118985155965207;0.7643876375306766
0.5736859472153589;0.7055324327383151;0.7547831540478599;0.5199724743842391;0.6818867282102576;0.6804588392823687;0.5118847170317758;0.7027782174840999;0.7178891267126561
0.5213998520220409;0.6893623669766848;0.8463503881176295;0.4714420468337259;0.6635303154699705;0.8261623003433348;0.5801356356453807;0.7668367764169863;0.8188806895253672
0.5999025341130605;0.7648461431356168;0.8279030910609858;0.5364104706209969;0.7437430381509329;0.7198725981620719;0.5509607351712615;0.7656554580896686;0.7564136034530772
0.5396917989417989;0.7501871693121693;0.8692017195767197;0.5264199735449735;0.6376514550264549;0.7669047619047619;0.5176746031746032;0.7698670634920635;0.7844847883597884
0.6017444543760333;0.7487919717021884;0.7589780704331788;0.5873625514492388;0.7145543139351189;0.7481000595551679;0.5470695111561984;0.7214657031994494;0.7588968994541749
0.641942785221146;0.7488284493315311;0.797327885680376;0.5830394150367497;0.7351034006806121;0.7653326775765557;0.5972472846469182;0.781761464946539;0.7310185535739424
0.5489734605275867;0.6844001331930231;0.8403078893989537;0.5256283965491824;0.6402293614360445;0.7088277412598434;0.5397256172886578;0.693577091816763;0.7939168890786804
0.5719243719243718;0.7513694638694639;0.7917119917119917;0.5590682465682466;0.7417540792540793;0.7089257964257965;0.5424307174307175;0.7245143745143745;0.7601851851851852
0.47939359028068707;0.6888369694821308;0.7731112973048457;0.49647221058511376;0.6423272292223905;0.7438695712889263;0.5255245426616395;0.6895989762925246;0.7242938513099804
0.5342017332261235;0.7157757432982079;0.7277448781428242;0.5318303497956899;0.7187066399582445;0.6875125430837882;0.5169434373927313;0.7383133960605078;0.7084546027357324
0.561975986975987;0.8206783956783956;0.8435444185444186;0.5885938135938136;0.7302355052355052;0.7668322418322419;0.5801716801716802;0.798089873089873;0.8076368076368077
0.6095474638512796;0.6596917452691984;0.8169257089325281;0.5321414779041611;0.628032494249547;0.7039777359144288;0.46756849301923536;0.6884059659878202;0.6924227248894754
0.508448495948496;0.6702903577903577;0.7536643911643911;0.4878982128982129;0.6434204684204684;0.7004134754134755;0.5422290672290673;0.7498519998519998;0.7467833092833092
0.5562162000533423;0.7082967205894357;0.7743877687171694;0.5412752176866799;0.6948736702098636;0.7275832882631001;0.48685987719070795;0.7713621846847929;0.7422917533331965
0.5172539651833069;0.6931709606026479;0.7177401852069356;0.5018603946874489;0.6368149508195211;0.6748830423497929;0.5299552758183121;0.6705732156962994;0.6503972322594463
0.5524427567962051;0.663548166392994;0.6973362525086663;0.5328635285531838;0.6347395548257617;0.6668824119686187;0.4906577266922095;0.6893500273672688;0.6661961777047984
0.6665968793686186;0.7901010791409342;0.8323218046044133;0.5827517725162652;0.7424935705732807;0.8084183094146862;0.6151318622333115;0.8030808529902732;0.7964762391392826
0.5088887343962427;0.706371431219874;0.7814146376632473;0.5009568759527047;0.6911069913072138;0.7348031763688049;0.5743258970872986;0.752716541771559;0.8069090656284761
0.5574793733127066;0.7194449752783085;0.8325194133527467;0.5786836078502745;0.6932917766251099;0.7792661600994935;0.5717269542269542;0.7897906239572906;0.7525893317559984
0.5557094381050824;0.7497443472035124;0.8260928038151268;0.5417530241486683;0.7316994929517615;0.7838834201356888;0.5171482882916639;0.7708323537724627;0.7832312609082119
0.5351678514721993;0.6604345734780518;0.8032430130256216;0.4803732499384673;0.6490770903814382;0.7058746406572494;0.4479445675097848;0.6480774459035329;0.7165645143906013
0.5261349729175816;0.6788985611811699;0.693338017859757;0.5082667670493757;0.638959229980969;0.6691936549762636;0.47230350084697914;0.678892423196771;0.6490542171194345
0.5633622481250564;0.7238617812716485;0.7863919761452969;0.5207201590313545;0.6765225445016716;0.7223818559681937;0.5163463449896087;0.7726063973976688;0.7922565585373934
0.48555855450592283;0.6520371441424073;0.8292308763361396;0.4764660583081636;0.626356810830495;0.6214001885054516;0.6388891030996293;0.7415745560482403;0.7864200029989503
0.49773987755312027;0.7042642897566497;0.7521194114318053;0.4969022997376139;0.6407117867983743;0.702549518958687;0.4793640993980553;0.660244893759325;0.7081311416370839
0.5580208487914581;0.7242371162622059;0.7800617443090562;0.5467096656164756;0.6969816556734119;0.7323545696305552;0.5695466388118718;0.7745734419569544;0.7356679594134792
0.5398232323232324;0.712121212121212;0.7414057239057239;0.5107239057239058;0.6655723905723906;0.71246632996633;0.4614478114478115;0.7093917242601454;0.737037037037037
0.6335052707003926;0.7401618932106736;0.7425448986424596;0.5827976901147633;0.7178282196574881;0.7100676875067119;0.5952546550107525;0.7234235051308222;0.7173182508548362
0.5488932418739186;0.6669676876231804;0.7975221162911992;0.5397899280337628;0.6508437709718802;0.6397967684388096;0.6277011134799114;0.7933167301641733;0.7403947700915781
0.47872255378720896;0.6499413445749653;0.7184730906067112;0.46419321818028714;0.6646836975285251;0.6898801103111447;0.4881296050692602;0.705558713317334;0.7011516620352828
0.47921896322631613;0.7158004781166546;0.7747190309690309;0.4736138044961574;0.6586811268796563;0.7443934537684537;0.47917317568052875;0.7239402958152958;0.8348369971531737
0.5073305071300286;0.6577759756400132;0.7590884057503973;0.48045929045516533;0.60519328950894;0.6669118352428309;0.5034799537563336;0.6816791527368212;0.7320980652875712
0.5385138688287114;0.7581850405688486;0.8535310793931483;0.476671139399775;0.6383641207479288;0.7816170364146376;0.5161127677919282;0.7612446218892995;0.7986267855083448
0.5568115942028986;0.6739461697722567;0.8358706004140786;0.5209834368530021;0.6491076604554865;0.6939513457556936;0.5364492753623188;0.7032888198757763;0.8052888198757764
0.5099457951515793;0.7306591505145453;0.7550889538097547;0.5151045253103095;0.701089846584841;0.6964398669348614;0.4354498939037315;0.7140654179586325;0.7097620451068727
0.5399685365803787;0.6447439049741681;0.6945493395493395;0.5141806901675323;0.6226459517577938;0.6463246755680966;0.5079710482013112;0.7212448114750745;0.6643320945623578
0.5550797502204152;0.7077736062838365;0.7793441464285455;0.5809144133312931;0.6571219242063232;0.7742223169461021;0.4866553180172106;0.7364337370027907;0.740769576875715
0.5429996319470004;0.7132305413884361;0.7223398531293268;0.5258981369507685;0.681977583819689;0.6686685244579981;0.5176851218956482;0.711342078973658;0.6775758452074242
0.4834821851049059;0.5910230826261682;0.8332799996222156;0.40764173761929723;0.5782843110865551;0.6082706258470634;0.35576495199777114;0.7937533492947237;0.5508136767393429
0.588684674649587;0.7622023809523809;0.8174823633156967;0.5149354868653114;0.7224809709458833;0.7777116402116402;0.5149244639376218;0.7776942355889724;0.7789015362480275
0.49415934065934064;0.6426520146520146;0.7867948717948718;0.48115934065934063;0.6106648351648352;0.6239029304029304;0.5307802197802197;0.7600100732600732;0.7130357142857142
0.5296723519137312;0.7511157297364195;0.7973472759679656;0.4822062994476788;0.7082741268948166;0.7317861066136929;0.4892864415278209;0.7591246939522801;0.7704994941201837
0.6276143790849673;0.8325098950915945;0.7929285069807945;0.6111838899420599;0.7732603029988651;0.7821698151763512;0.5748886310977814;0.7422460678996627;0.788050046056582
0.5202394636015326;0.7108467362777707;0.8247295201605546;0.5367697500456121;0.675165010596045;0.6953338806787082;0.544901933953658;0.7361489691662106;0.7718459222769567
0.6164560771007548;0.7773593916772329;0.8419282838323318;0.5845566227875073;0.7334076745620973;0.796903047630625;0.6060775479595482;0.7743375321865489;0.7873624417411347
0.5757507507507508;0.7117780117780118;0.8793884793884793;0.5387837837837838;0.7011516711516712;0.767117117117117;0.5948391248391249;0.7376553176553177;0.8699483249483251
0.5031738993695515;0.7160237508063594;0.8137932920541615;0.5151840108361847;0.6914244571853267;0.7114790805008198;0.5185923175053608;0.8126349697001871;0.7787537945146641
0.46323073727098496;0.6752346105906477;0.6959153230670259;0.44088823328374416;0.6179151756396338;0.7418471647032019;0.39849414646241277;0.7004171692600485;0.6446490893007921
0.5897122398396761;0.8173482567185716;0.8616041221813336;0.5802230955229457;0.807994953572165;0.8097859403631518;0.5461990974209865;0.7890702240177503;0.7739651502919869
0.6409611472484448;0.7981811177676481;0.8292894035647659;0.5451687769462705;0.7659588028087602;0.8053477000407946;0.5228051904522492;0.7654137509423102;0.7853621063979122
0.5309917230171737;0.765087581206351;0.8303893949811234;0.5078022295837779;0.6517441554557143;0.7470819918858095;0.46100348220178555;0.8130243422184037;0.8162618152437876
0.5348916106031856;0.6223922974207603;0.7541018662271034;0.5193906171135773;0.6136140660239332;0.6755439914642951;0.4932304704221212;0.6301622167276817;0.6668684951986659
0.5279222769567596;0.6954452654625067;0.755552818828681;0.4980770388615216;0.640298166392994;0.626663929939792;0.5035504926108374;0.7202783251231526;0.7427318007662835
0.5834530651340997;0.7220253299276288;0.7954555129842487;0.557191890166028;0.6781981694338016;0.7771950830140486;0.5713122605363985;0.7855550234142189;0.7542456691881978
0.4927548446195372;0.6730114920894531;0.6776961221770067;0.4946913448037885;0.6214678194813128;0.6702887147695994;0.5615117179866056;0.6473633718854858;0.6352895792363558
0.4798463804713804;0.7054587542087543;0.7639246632996632;0.480273569023569;0.6415004208754209;0.6776367845117844;0.575061026936027;0.7148632154882155;0.7770328282828283
0.5812189462189462;0.6541277982527982;0.8316542110292111;0.5095376057876059;0.613879641004641;0.6869364591864592;0.5550582173082172;0.7110549413049413;0.7752370666120666
0.6243253288563966;0.7873371219448182;0.8345419312519096;0.5776105848236449;0.7757544517414583;0.7736455174319575;0.5462808894759585;0.7959853277194606;0.7661850230149414
0.5407987392724236;0.6503310549100023;0.7707045644414066;0.5085875294296346;0.6318063340168603;0.6908088402825246;0.5561268322320954;0.7135058099794942;0.7301181742234374
0.5720422022798933;0.7979129274799903;0.798017355215997;0.5544312393887946;0.7500142830193764;0.7698683536798987;0.6033085401676234;0.8068258010617942;0.7640101598081225
0.511405103259942;0.7224830175797917;0.7247802526028332;0.5151530124594641;0.6385561529271206;0.658494538317119;0.4870677590032429;0.7053311145246629;0.7279750810718553
0.5732673344235211;0.6718132667422728;0.6949732203789;0.5022482475829332;0.6219996985209968;0.6530562236951689;0.45299407601638836;0.6585694280927548;0.6633421626829334
0.45496682280869133;0.6314037820460924;0.674865134076844;0.46330267538821157;0.6285645625580921;0.6895420061671147;0.4668469627113989;0.6754071392191806;0.6878262304254572
0.519172619047619;0.6969484126984128;0.8119087301587303;0.5194642857142857;0.6667539682539683;0.6873392857142858;0.533547619047619;0.7930753968253967;0.7181726190476191
0.5328532414253239;0.6302709487400563;0.6985550064165625;0.5341739401144435;0.6177709487400562;0.6758200488372113;0.4841693302414126;0.6756255373772537;0.623923835675552
0.5263466293352441;0.7528409920250527;0.8126931259758583;0.48796531583533487;0.5938859290614509;0.647341076064985;0.5108169344886613;0.7010297656170522;0.6956010624416697
0.5458159555413212;0.7037476127777185;0.7976990142699549;0.5177322871072204;0.6634563420044364;0.6712163564760447;0.5184036748395668;0.6437797587274475;0.7653440862128276
0.5455283400809716;0.6681980344217187;0.7636421779974412;0.5124468338678865;0.6283366501919134;0.6784187303924146;0.5286233240443766;0.6750690668980142;0.7114953248505881
0.5403732486151841;0.7032594493320299;0.7104679863147605;0.49243955685891166;0.6491375855327467;0.6734780873248615;0.4972885711958292;0.6403318263277941;0.6379189475399153
0.564292497625831;0.7682431149097817;0.7880911680911681;0.5492307692307692;0.7607787274453941;0.7722886989553656;0.4693257359924027;0.7612440645773978;0.7374169040835707
0.5165612006749661;0.7180071578583178;0.8221272890882494;0.5225019840788108;0.6861188952588483;0.707582754675294;0.6081004588798719;0.8345935597484658;0.7718887861231327
0.6101435652485592;0.6920087347479997;0.864564621837135;0.5178808667838147;0.6578982101962987;0.7115534772083433;0.5016650510091754;0.7940223563870756;0.7229151362937876
0.5006457319770014;0.6665231706717776;0.7386660278146346;0.47150081085065604;0.6623168214654281;0.684076858813701;0.42347068652022213;0.7233438989630939;0.6919946926138877
0.5354118550646064;0.7030283691640429;0.8040572422517395;0.5139358453058642;0.65374448638016;0.7549500316255535;0.5643944158308485;0.6928624913985446;0.745956645189093
0.4976691141608683;0.6735753917912838;0.6893284127167185;0.5018964876536091;0.6497180896731122;0.6453997360294211;0.5185907046476761;0.7468579812657774;0.6990395827727163
0.5576085568326947;0.7420239849550195;0.7148434451882727;0.5361199528440908;0.7277382706693052;0.680112100543135;0.47482456879008605;0.7371135601308014;0.7281503234951511
0.5130755027529221;0.7026325914229139;0.8382477170380396;0.49864881235848973;0.6572829828474991;0.8034623948333627;0.6172487279745343;0.7164193840806744;0.7998835960932735
0.5136666666666667;0.6426602564102565;0.8501794871794871;0.5086666666666666;0.6157435897435898;0.6923269230769231;0.4740192307692307;0.6385384615384615;0.7703974358974359
0.5224431270483902;0.707098836835679;0.7429569650622282;0.519992475847739;0.6491014127198338;0.6774080232632864;0.4629242711479553;0.6675830334382966;0.6985359231411863
0.5298103322346635;0.6718275006893939;0.7481200436513358;0.49263329001224915;0.6552226084449022;0.7030648543627878;0.5316945942430398;0.685500056149901;0.7063591436783873
0.5512111738248523;0.6767354509019999;0.6876496261673084;0.5206269267327122;0.6431564560856826;0.6607320457418349;0.6124591086809537;0.6698148719757768;0.6482026339771292
0.5007215043012258;0.6733751894820006;0.7781411484971856;0.47270845855211174;0.6341778906794386;0.6905854537046487;0.5368157541919152;0.6627096398613427;0.7022961910810208
0.564031961912717;0.691717828871529;0.7690079570440101;0.5116853645815994;0.6549457573840874;0.6732073924388914;0.5613564177536015;0.7203689013805862;0.6645784952865748
0.4977163414663416;0.7095567158067159;0.7607738545238545;0.4602406227406227;0.6913091413091413;0.7345496282996283;0.4469958344958346;0.7408438408438409;0.7285981473481473
0.5105800960735171;0.6995384294068505;0.7656197786131996;0.4848162071846282;0.6403816833751044;0.7227130325814536;0.53265350877193;0.7192209690893901;0.7983281119465329
0.5164383776620306;0.6725874975579536;0.7034493743118843;0.5212079622239247;0.6434286418425231;0.6811801697761658;0.5325923551547505;0.7293850040106323;0.7207825857627427
0.5446001113442973;0.6522225930830582;0.7527351563165516;0.5142198972431531;0.6158355356960008;0.6813569221476198;0.5524077309426147;0.7214916960730914;0.7203269366292623
0.5018268226178921;0.728430346920169;0.8230993899066166;0.4625800956215982;0.6786325569907999;0.7193778426366823;0.5246413713085843;0.7760122096779551;0.7773883230456533
0.5570891608391608;0.7076316045066045;0.8057342657342657;0.5282036713286713;0.6959425990675991;0.7080740093240093;0.48418463480963475;0.7633755827505828;0.7644643550893551
0.544335868216569;0.7338638349970384;0.8218421402167231;0.5286760120672801;0.6490576450184348;0.6325775733659493;0.47391306397841443;0.693724247881645;0.8033870506270396
0.6090195633673895;0.7667014145275015;0.8165256643517513;0.547468151815978;0.7195991877151298;0.7630143608404478;0.5390806456023848;0.7858786945743467;0.7624088471914559
0.5376320346320347;0.6324401154401154;0.756093795093795;0.5149600769600771;0.63413468013468;0.7118104858104858;0.5116690716690717;0.7024478114478114;0.7253833573833575
0.5629188597339938;0.7954469664718707;0.8462700117393605;0.5530011158842576;0.7270047215449514;0.8051177483648748;0.550149644594089;0.7163808422668576;0.7454446282750882
0.49947395133602035;0.6572971339005822;0.7308644573816988;0.4939107329452157;0.6016181519629795;0.6493428123600536;0.4811568144499179;0.6859880579190925;0.6854246156142707
0.5534426040947781;0.7819180417006504;0.8011674718196456;0.5547124453646193;0.7682831419787941;0.7893374741200829;0.5581297446514838;0.7848278854800594;0.7597266662484053
0.49050546554894375;0.7668448073665466;0.8347703890312588;0.482047575612793;0.711460018242627;0.7177792063009455;0.5249675107501195;0.7467277649886346;0.7385597590814982
0.5144463684463684;0.6654715654715655;0.8192371332371332;0.5176209716209716;0.6398106708106707;0.6903006253006253;0.5334798904798904;0.7211845561845561;0.8511167351167351
0.5087322715647524;0.6883168858232797;0.7911905284731373;0.5063596536550501;0.6518090323525106;0.6720996193822282;0.5671765179501753;0.6936371171217719;0.7843105177951725
0.5904900687547746;0.704434555640438;0.8295215742862802;0.5162139744786803;0.678890742155448;0.7080078233313528;0.4864830942478001;0.7111666383725208;0.6722777494836318
0.522241891200149;0.6815598379237218;0.7438425639696057;0.456928777514077;0.6581613815706374;0.6836022682701448;0.4820752245334822;0.7464996410123452;0.6783490789307487
0.5144827394827395;0.6588466272289801;0.697220943544473;0.4956376140199669;0.633294129617659;0.664525207907561;0.4697341601753367;0.6366927734574793;0.633776517600047
0.5007970001013479;0.6480829026046417;0.7215887301104693;0.5102683693118475;0.6148987534204926;0.6553994121820208;0.44095267051788783;0.7190785446437621;0.6797475423127597
0.5928486089776412;0.730168427749073;0.816255488836134;0.5803425964716288;0.6901018634889602;0.754100529100529;0.5491291563872208;0.7836677062483514;0.7497082964824899
0.5219419527341728;0.6723830573285033;0.7883979860272555;0.511650063251107;0.6382576116957046;0.7404167026047955;0.5528281869932723;0.694913137542407;0.7543449557242251
0.5684260865839813;0.7640676566773058;0.7734319238266607;0.5572951342030289;0.6664423701704404;0.6843776910224278;0.5403206734785683;0.7257154995751488;0.7642939792501195
0.5331177972354443;0.7186267164208341;0.7732540825187884;0.499945789504613;0.6377155524214349;0.6771093938740997;0.5310700084229497;0.6825578832931775;0.7204307946955006
0.49334128029780205;0.6879910910345693;0.7582604513039296;0.48477340694731996;0.6458567036827907;0.664624087667566;0.4635784344479997;0.7334228412489282;0.7193483489135662
0.5322258297258298;0.7553030303030303;0.8107215007215007;0.5253571428571429;0.6577633477633478;0.7428030303030303;0.46043290043290047;0.785537518037518;0.8461976911976912
0.5128449664056861;0.7338756690031053;0.7353133369212829;0.4905341773557666;0.667540567323176;0.6988247329326789;0.5244682146106434;0.724671424971275;0.7015313817450248
0.5345865487169835;0.7274703557312254;0.761161616161616;0.489688813601857;0.6825785808394504;0.7103347135955831;0.6340946734424995;0.7553318903318903;0.8136896919505615
0.5355903389023594;0.6109815823562628;0.6595670165299322;0.4990226248602207;0.6132925067260105;0.6105193974823131;0.5112486022076814;0.6312321331694732;0.637339489155346
0.5396660685805423;0.7085878901799953;0.7766649008885851;0.5206952893597631;0.6545878901799954;0.7176950330371383;0.5709591877420825;0.703813767372978;0.7157754898610162
0.49964624204188635;0.6671028441624683;0.8174232318456724;0.49420860721784177;0.6574780172201973;0.7733603701613736;0.5869410383633188;0.6460472131986491;0.7680728443827621
0.5842063492063493;0.6345899470899471;0.7721296296296296;0.49994708994709003;0.6248809523809523;0.6871428571428572;0.4874867724867725;0.7538227513227513;0.7033611807296017
0.5753285913984976;0.7285504232435178;0.76844816929358;0.5830816452868172;0.6873937585574414;0.7382322084154992;0.5320979521462612;0.77405744955475;0.7496723175680265
0.49007326007326013;0.7370908258408259;0.7454801032301032;0.496975357975358;0.6666067266067266;0.6997851315351316;0.4732574092574093;0.676003996003996;0.7041001498501498
0.4618157792761373;0.5844630595321132;0.7075742961216107;0.4635012455575115;0.5776015876706413;0.6101161856046765;0.47642580352299024;0.6849441547369937;0.6732112354823352
0.5912178915129065;0.7197839963174013;0.8177104573501576;0.5847688986604049;0.6998127126094101;0.7455990786856314;0.5771073155086257;0.8350460491002062;0.7552673539964336
0.572063492063492;0.7445851370851372;0.7883297258297259;0.5159848484848485;0.6726803751803753;0.697579365079365;0.4796212121212121;0.7008297258297259;0.7616630591630592
0.5086054271399097;0.6840386720559135;0.7949260031156584;0.5009813271020167;0.6235227990400405;0.7116221422255904;0.5765137257378636;0.6318652898825312;0.7868297124331607
0.5935217135700227;0.7851692099276639;0.8137112440252536;0.6067639240344554;0.7276589218618204;0.7762626843544718;0.5531631009891879;0.7952604605986249;0.7988964292104389
0.518924739665087;0.6868458233733377;0.7784851714815724;0.4850386466584594;0.6310627054277022;0.7026056114464146;0.531430731957452;0.725003670823168;0.7659764179801718
0.5005988670771953;0.7058810109738902;0.871078809391503;0.4793590877646605;0.6592206288723317;0.7019267626078772;0.49566789333817196;0.813163640624941;0.8262127604078069
0.5357329988851727;0.7347073578595318;0.7534197324414715;0.5307850241545893;0.6898996655518395;0.7237690449646972;0.495661464139725;0.7454171311780006;0.7350631735414344
0.6298130290031397;0.7519484825111422;0.8201439761968321;0.5853624541604081;0.7595614940457225;0.7934978207356723;0.5872491406165745;0.8016050161830213;0.7500735237734386
0.6236342401912577;0.7363722291353869;0.8208213732336539;0.6328529738617459;0.7062724961847768;0.8144645356268163;0.5650348920085763;0.7685130780525518;0.7500593582830425
0.5217831057831057;0.7231849261849261;0.7983764013764014;0.5183689643689644;0.7022225552225552;0.7022062382062382;0.4703378843378843;0.7932069042069043;0.7525441225441225
0.5328537125905547;0.7390814238182659;0.8187590062590061;0.4584312442865075;0.6137841108893741;0.7093188554372765;0.506049411904675;0.7978379724432356;0.7756740365292997
0.5151308033567562;0.7265977942202988;0.844411559402485;0.4784722416119875;0.6578368777824314;0.7822801976204881;0.6322218732064468;0.7250122931112042;0.8099522623978158
0.47033613445378153;0.6693958492487904;0.7074401578813344;0.48546345811051694;0.6470123503947034;0.681163101604278;0.42504456327985735;0.679812834224599;0.692762286732875
0.531875799853741;0.6543153823300882;0.7505294746103569;0.5044710681475388;0.6296296105854929;0.6669178778737603;0.5410234699940581;0.6552940033822386;0.7300870412267472
0.5353515137855909;0.6616206954340829;0.7125765821212068;0.5217681804522576;0.6182469357327369;0.6443778179412053;0.48238685615714016;0.6708067922423907;0.6451435149066994
0.5723752463948543;0.7739219144447902;0.7776394508420652;0.5692023723069474;0.7205752671438946;0.761688626067711;0.5412646540097521;0.8080973129992738;0.8046045578725317
0.5305790043290044;0.7145752164502165;0.8957683982683984;0.5137532467532469;0.6728327922077922;0.7205941558441558;0.60508658008658;0.7332294372294372;0.8184577922077922
0.5842965367965368;0.6970526695526696;0.8262554112554111;0.5101839826839826;0.6446536796536797;0.7113744588744588;0.5179256854256853;0.6849891774891776;0.6869047619047619
0.523724014944523;0.6870776282863003;0.7410679107140086;0.4992521239059154;0.6397715350922958;0.6978902550363529;0.4776695700411474;0.6627416651227114;0.6881702748811958
0.5320084482552925;0.7276626978029503;0.7328126894662659;0.4978772479922549;0.6696938083473848;0.6866685325479155;0.5772696202037015;0.7167244184831842;0.6856202570480271
0.5055228787428149;0.6854941217939324;0.7122888730952627;0.49877807463388024;0.645297832575904;0.6926443238039743;0.49317253605701483;0.6863903475171033;0.7117727280807253
0.5056906212067502;0.6668614086735529;0.8288028006149449;0.4923803293480713;0.6648584761222331;0.8049572792798599;0.4833897607768575;0.7104238140101518;0.824156812194763
0.5842133307902942;0.7172653661205555;0.8126985818062256;0.5224940084459719;0.6982108789410683;0.7401636439180268;0.49524339965784564;0.7564432549101203;0.7308435119111838
0.5176044194808497;0.7072320458590481;0.8262830825416637;0.5112407831172134;0.6213584356147285;0.727989621616624;0.5106017844347364;0.7892372234935163;0.7596855280493725
0.5024982502348231;0.6469547423000108;0.7403904422574499;0.508884591403773;0.5949387285448667;0.641120726465995;0.5328174825105771;0.6496313828027384;0.7018176486846563
0.536067849361967;0.6960443111352386;0.8210577889901487;0.5068008248264003;0.6277640205723393;0.6608552355049865;0.643679988903774;0.7953486589613254;0.7989281005484397
0.5739555130859478;0.7211356097829528;0.7310166752195738;0.5601311642374444;0.7222447350466674;0.7383946881531422;0.5670784842282427;0.7350096048163681;0.7076095312810289
0.49947196326506677;0.6731678386850801;0.8086678465988811;0.477076092593334;0.6756849860298136;0.6938361265947472;0.46443514546962816;0.7121342776515192;0.7797416004312556
